PABST_2,PABST_3,PABST_4,PABST_5,PABST_6,PABST_7,PABST_8,PABST_9,PABST_10,PABST_11,PABST_12,PABST_13,PABST_14,PABST_15,PABST_16,PABST_17,PABST_18,PABST_19,PABST_20,PABST_21,PABST_22,PABST_23,PABST_24,PABST_25,PABST_26,PABST_27,PABST_28,PABST_29,PABST_30,PABST_31,PABST_32,THT_1,THT_2,THT_3,THT_4,THT_5,THT_6,THT_7,THT_8,THT_9,THT_10,THT_11,THT_12,THT_13,THT_14,THT_15,THT_16,THT_17,THT_18,THT_19,THT_20,THT_21,THT_22,THT_23,THT_24,THT_25,THT_26,THT_27,THT_28,THT_29,THT_30,THT_31,THT_32,ZS,SSOCANZ1,SSOCANZ2,SSOCANZ3,SSOCANZ4,SSOCANZ5,SSOCANZ6,ISBACANZ1,ISBACANZ2,ISBACANZ3,ISBACANZ4,ISBACANZ5,ISBACANZ6,BLD_HEIGHT,TEB_T1,TEB_T2,TEB_T3,TEB_T4,TEB_T5,TEB_T6,TEB_P1,TEB_P2,TEB_P3,TEB_P4,TEB_P5,TEB_P6,ISBA_T1,ISBA_T2,ISBA_T3,ISBA_T4,ISBA_T5,ISBA_T6,ISBA_P1,ISBA_P2,ISBA_P3,ISBA_P4,ISBA_P5,ISBA_P6,longitude,latitude,X,Y,MNT
100861.99863,100108.84121,99211.8025,98149.96819,96895.69095,95412.23391,93658.52403,91589.00482,89153.92191,86298.40641,82965.32259,79095.36682,74627.62158,69510.2026,64002.32055,58637.29499,53655.21473,49030.59201,44736.19183,40745.85284,37036.56268,33592.38249,30399.32757,27443.29713,24710.00099,22188.34997,19874.30457,17770.82186,15880.67377,14192.18922,12683.52994,298.7438,298.7438,298.74765,299.81882,303.07379,304.87008,305.93619,306.54052,306.90655,307.21759,307.45964,308.17299,309.03444,309.46028,309.98627,311.86271,315.38011,319.12266,322.21549,325.10184,327.0524,328.76895,330.46458,332.16445,333.70427,335.05092,336.86164,340.57044,347.85795,359.24723,371.25126,371.25126,47.10327,0.5,"2","4",6.5,"10",29.90036,"999","999","999","999","999","999",20.82,300.16761,299.72985,299.54989,299.1837,298.72708,298.43976,101528.9295,101511.53191,101488.33513,101384.99346,101177.65149,100946.45409,"999","999","999","999","999","999","999","999","999","999","999","999",2.30871,48.86967,649290.837,6863515.588,34.50000
100912.05484,100158.12474,99260.24224,98197.66385,96942.53625,95457.99915,93702.9956,91631.95853,89195.16224,86337.75176,83002.48897,79130.03254,74659.48006,69538.89001,64027.61347,58659.35005,53674.49068,49047.19789,44750.27573,40757.83261,37046.65662,33600.81964,30406.33782,27449.02594,24714.5031,22191.68807,19876.53006,17772.19203,15881.42914,14192.39545,12683.29324,298.65868,298.65868,298.59541,299.76546,303.08714,304.85325,305.91127,306.51969,306.89516,307.21335,307.46235,308.16441,309.00566,309.46528,309.96822,311.8429,315.35801,319.1417,322.16753,325.09998,327.05759,328.78398,330.4788,332.18373,333.71303,335.0461,336.83731,340.51981,347.87154,359.25362,371.24718,371.24718,42.76851,0.5,"2","4",6.5,"10",29.91151,"999","999","999","999","999","999",18.27667,299.91535,299.55818,299.41091,299.12252,298.73064,298.45606,101549.47048,101532.06506,101508.85784,101420.22557,101227.50306,100996.11537,"999","999","999","999","999","999","999","999","999","999","999","999",2.31724,48.86967,649916.534,6863510.144,32.40000
100885.63454,100131.71449,99234.00138,98172.05885,96917.78948,95433.94493,93679.5286,91609.13618,89173.13128,86316.60804,82982.44312,79111.25932,74642.10594,69523.10962,64013.61845,58647.26369,53664.28431,49038.49903,44742.72898,40751.36907,37041.22784,33596.3428,30402.77424,27446.29527,24712.39973,22190.05908,19875.23076,17771.29363,15880.96681,14192.22884,12683.36968,298.55689,298.55689,298.48187,299.74684,303.21897,304.93091,305.91858,306.51456,306.89279,307.21798,307.45458,308.17823,308.98049,309.46829,309.94441,311.83057,315.374,319.18076,322.15552,325.08088,327.0469,328.79622,330.49075,332.22471,333.73028,335.04595,336.82147,340.48456,347.8988,359.2578,371.24498,371.24498,45.10536,0.5,"2","4",6.5,"10",29.9071,"999","999","999","999","999","999",21.785,300.33154,299.83651,299.6325,299.21392,298.7064,298.40862,101562.84507,101545.44116,101522.23594,101413.25843,101200.21673,100968.88311,"999","999","999","999","999","999","999","999","999","999","999","999",2.32578,48.86966,650542.956,6863503.65,34.50000
100850.6773,100096.82229,99199.69589,98138.62601,96885.05222,95402.01491,93648.50906,91579.12416,89144.26437,86288.88506,82956.09652,79086.56439,74619.27728,69502.44477,63995.29191,58631.42525,53650.79741,49026.9959,44732.85767,40742.88971,37034.11289,33590.45503,30397.99616,27442.56694,24709.53822,22187.88492,19873.55665,17770.16183,15880.37709,14192.01337,12683.47327,298.43574,298.43574,298.37529,299.95309,303.27015,304.9596,305.95772,306.53184,306.90901,307.22109,307.42676,308.18451,308.93154,309.46262,309.93334,311.8183,315.4115,319.2049,322.16323,325.06185,327.03777,328.80637,330.47307,332.23562,333.73581,335.04818,336.81092,340.45603,347.93539,359.25374,371.23912,371.23912,48.17532,0.5,"2","4",6.5,"10",29.90163,"999","999","999","999","999","999",22.59167,300.37281,299.82762,299.6003,299.13095,298.57217,298.2621,101536.62211,101519.21535,101496.00634,101382.33053,101164.59469,100933.2656,"999","999","999","999","999","999","999","999","999","999","999","999",2.33432,48.86965,651169.379,6863497.223,33.50000
100844.27235,100090.28299,99193.27285,98132.37781,96878.92391,95396.06961,93642.79983,91573.65289,89138.94913,86283.66639,82951.01922,79081.72955,74614.78962,69498.34187,63991.59804,58628.36133,53648.24195,49024.88767,44731.14519,40741.30378,37032.74766,33589.35765,30397.13477,27441.95639,24709.1282,22187.58301,19873.23866,17769.88882,15880.22665,14191.93249,12683.45613,298.31164,298.31164,298.3291,300.01074,303.25568,304.96704,305.96805,306.54044,306.91287,307.21836,307.41102,308.17873,308.95153,309.43775,309.91483,311.81942,315.44422,319.18664,322.20184,325.05182,327.01983,328.80589,330.45867,332.23643,333.73761,335.05392,336.79626,340.4291,347.94586,359.24931,371.23191,371.23191,48.75909,0.5,"2","4",6.5,"10",29.90068,"999","999","999","999","999","999",21.1375,300.22033,299.70374,299.48649,299.05162,298.51446,298.20161,101512.73182,101495.32251,101472.11011,101366.85635,101157.53103,100926.17548,"999","999","999","999","999","999","999","999","999","999","999","999",2.34285,48.86964,651795.069,6863490.87,35.09000
100845.42349,100091.25058,99194.225,98133.4064,96879.88657,95396.88124,93643.57251,91574.34543,89139.48834,86284.16577,82951.43557,79082.03544,74615.04754,69498.4902,63991.6906,58628.57982,53648.4937,49025.20317,44731.53075,40741.50503,37032.81665,33589.46784,30397.31639,27442.17493,24709.3636,22187.79219,19873.29986,17769.82007,15880.167,14191.89534,12683.41659,298.2111,298.2111,298.28171,300.05895,303.283,304.92709,305.94139,306.54267,306.90636,307.21486,307.42516,308.17664,308.96963,309.36099,309.8979,311.82857,315.45734,319.17644,322.23206,325.05046,326.99977,328.80992,330.48455,332.24873,333.73988,335.06044,336.79064,340.39274,347.94526,359.26338,371.22785,371.22785,48.70568,0.5,"2","4",6.5,"10",29.90076,"999","999","999","999","999","999",18.925,300.03483,299.533,299.3188,298.91155,298.40099,298.0846,101487.75032,101470.33387,101447.11192,101354.65956,101158.09253,100926.64127,"999","999","999","999","999","999","999","999","999","999","999","999",2.35139,48.86963,652421.493,6863484.578,41.00000
100862.37924,100108.13013,99211.0285,98149.75981,96895.69238,95412.16243,93658.3435,91588.55287,89153.00925,86297.10908,82963.69643,79093.44567,74625.56216,69507.89264,63999.93792,58635.84425,53654.85595,49030.74781,44736.42172,40745.60829,37036.11308,33592.19376,30399.62733,27444.15722,24711.00732,22189.06999,19874.14909,17770.2177,15880.31657,14191.94439,12683.32021,298.1596,298.1596,298.40562,300.05991,303.18152,304.88776,305.89462,306.53487,306.88768,307.21066,307.44938,308.16821,308.9659,309.29138,309.89491,311.83944,315.47049,319.16104,322.24756,325.07587,326.96606,328.79676,330.49827,332.27514,333.7755,335.07941,336.79078,340.35995,347.89688,359.29505,371.23993,371.23993,47.26786,0.5,"2","4",6.5,"10",29.90365,"999","999","999","999","999","999",19.1675,299.87465,299.39854,299.19528,298.80655,298.31876,298.01044,101507.34374,101489.91998,101466.6883,101372.78876,101174.71972,100943.14904,"999","999","999","999","999","999","999","999","999","999","999","999",2.35993,48.86962,653047.918,6863478.354,36.29000
100850.4498,100096.64453,99199.78955,98138.60495,96884.57984,95401.13186,93647.48763,91577.9169,89142.64451,86287.25292,82954.43956,79084.72843,74617.49656,69500.5627,63993.4374,58630.24009,53650.16528,49026.76116,44733.08554,40742.81479,37033.67715,33590.09029,30397.89841,27442.90574,24710.12654,22188.46719,19873.69276,17769.78518,15879.9991,14191.84623,12683.33542,298.32636,298.32636,298.5181,300.03661,303.12606,304.81342,305.86171,306.50923,306.88391,307.20475,307.47525,308.15651,308.95466,309.28362,309.89528,311.84599,315.48259,319.17747,322.23816,325.10321,326.94822,328.78936,330.45908,332.29788,333.79946,335.09748,336.80088,340.33236,347.8568,359.30605,371.26995,371.26995,48.34172,0.5,"2","4",6.5,"10",29.90008,"999","999","999","999","999","999",17,299.77042,299.31914,299.12531,298.76924,298.29325,297.98267,101469.62561,101452.20226,101428.97112,101347.66214,101162.19992,100930.66231,"999","999","999","999","999","999","999","999","999","999","999","999",2.36846,48.86961,653673.611,6863472.204,39.29000
100740.97501,99988.55365,99093.53352,98034.3421,96782.34512,95301.28098,93550.31186,91483.74354,89051.77564,86200.47293,82872.44067,79007.89715,74546.58886,69436.51013,63936.92139,58581.1613,53607.99008,48990.46922,44702.02957,40716.53703,37011.54024,33571.66012,30382.75584,27430.81581,24700.75846,22181.4707,19868.72838,17766.49522,15878.15437,14191.26371,12683.74192,298.44638,298.44638,298.63336,300.22903,303.07634,304.807,305.85866,306.50376,306.8818,307.19617,307.52501,308.14945,308.93822,309.29128,309.90686,311.86916,315.5237,319.23706,322.21445,325.15389,326.94952,328.79817,330.43748,332.30136,333.82685,335.11972,336.8184,340.33063,347.84805,359.32276,371.2804,371.2804,57.92521,0.5,"2","4",6.5,"10",29.87209,"999","999","999","999","999","999",15.8975,299.7498,299.32301,299.14324,298.82316,298.38842,298.09114,101345.36848,101327.97048,101304.77315,101229.97625,101051.28587,100820.30157,"999","999","999","999","999","999","999","999","999","999","999","999",2.377,48.86959,654300.029,6863465.004,48.79000
100949.47177,100195.2136,99296.69531,98232.97235,96976.90998,95491.74272,93736.12486,91664.40565,89226.57036,86367.83038,83031.03733,79156.82847,74684.4429,69561.58159,64047.53365,58676.52796,53689.15982,49059.66134,44760.89825,40766.83507,37054.18715,33606.99889,30411.30504,27452.95805,24717.56382,22194.01958,19878.26803,17773.32081,15882.00402,14192.57924,12683.13665,298.62713,298.62713,298.65651,299.59087,302.8879,304.86516,305.93946,306.57166,306.91968,307.19874,307.45953,308.16158,309.00721,309.39099,309.95135,311.81169,315.32752,319.1173,322.15752,325.08835,327.05121,328.76965,330.46928,332.18097,333.7142,335.04862,336.85251,340.54215,347.84447,359.25092,371.25069,371.25069,39.45734,0.5,"2","4",6.5,"10",29.91898,"999","999","999","999","999","999",21.53167,300.02232,299.60667,299.44154,299.1014,298.7036,298.43928,101625.60821,101608.19539,101584.97829,101477.41541,101265.6891,101034.14514,"999","999","999","999","999","999","999","999","999","999","999","999",2.3087,48.86406,649284.642,6862891.809,28.70000
100976.46963,100221.74866,99322.76649,98258.68282,97002.19932,95516.46635,93760.12509,91687.58082,89248.80872,86389.03937,83050.96432,79175.32337,74701.4731,69576.91627,64060.98353,58688.23955,53699.51775,49068.72538,44768.55681,40773.25384,37059.56229,33611.51361,30415.1425,27456.16301,24720.09524,22195.86894,19879.44114,17774.0131,15882.39171,14192.67244,12682.99312,298.56636,298.56636,298.54563,299.55714,302.8849,304.85288,305.9201,306.55192,306.91874,307.19856,307.46782,308.12322,308.99509,309.39719,309.92816,311.77767,315.33226,319.14007,322.14482,325.06129,327.04004,328.7721,330.48846,332.21409,333.73198,335.04457,336.82658,340.49771,347.85535,359.25636,371.24848,371.24848,37.12726,0.5,"2","4",6.5,"10",29.92447,"999","999","999","999","999","999",15.68286,299.53754,299.23838,299.11199,298.92485,298.65563,298.41613,101584.86894,101567.44982,101544.22434,101470.58297,101292.71929,101061.0492,"999","999","999","999","999","999","999","999","999","999","999","999",2.31723,48.86405,649910.397,6862885.252,27.00000
100954.63564,100200.03007,99301.39498,98238.00182,96982.2107,95496.98716,93741.08058,91669.03148,89230.87338,86371.84081,83034.6211,79159.94875,74687.21711,69563.92605,64049.45641,58678.30591,53691.14265,49061.68521,44762.49044,40767.99957,37055.10147,33607.83042,30412.23916,27453.95827,24718.41529,22194.56519,19878.37735,17773.26646,15882.00854,14192.52884,12683.04831,298.53623,298.53623,298.50125,299.662,303.03024,304.91974,305.92589,306.54815,306.9163,307.2049,307.46823,308.12106,308.97605,309.43277,309.89463,311.78387,315.35234,319.17005,322.15317,325.04723,327.0271,328.76557,330.49901,332.23619,333.7447,335.04491,336.81206,340.46724,347.88341,359.26023,371.24505,371.24505,39.03274,0.5,"2","4",6.5,"10",29.9201,"999","999","999","999","999","999",16.934,299.61682,299.29072,299.15694,298.93677,298.64202,298.39749,101576.98354,101559.56678,101536.34444,101455.44939,101270.36305,101038.7581,"999","999","999","999","999","999","999","999","999","999","999","999",2.32577,48.86404,650536.887,6862878.757,32.29000
100897.51052,100143.35643,99245.66415,98183.53778,96928.97427,95445.04685,93690.51389,91620.0016,89183.66748,86326.66524,82991.81148,79119.85575,74650.13312,69530.35206,64019.81541,58652.68019,53669.13525,49042.86599,44746.41849,40754.22993,37043.5042,33598.2031,30404.39695,27447.77574,24713.64267,22190.95446,19875.69466,17771.47748,15881.05828,14192.21068,12683.24689,298.47456,298.47456,298.46664,299.85614,303.13295,304.98095,305.95026,306.55515,306.91814,307.2172,307.45536,308.13431,308.94053,309.45497,309.88642,311.8103,315.39582,319.18328,322.18708,325.03817,327.01471,328.7674,330.47621,332.24503,333.75467,335.04447,336.80086,340.44375,347.91437,359.2675,371.24057,371.24057,44.02898,0.5,"2","4",6.5,"10",29.90974,"999","999","999","999","999","999",23.16,300.07162,299.65255,299.4796,299.11106,298.64602,298.36633,101590.71622,101573.30745,101550.09576,101433.10883,101212.01848,100980.59993,"999","999","999","999","999","999","999","999","999","999","999","999",2.3343,48.86403,651162.643,6862872.335,34.20000
100867.30342,100113.4789,99216.29183,98154.74269,96900.81803,95417.56917,93663.77093,91594.01733,89158.56632,86302.59841,82968.99358,79098.45828,74630.31748,69512.39934,64003.96944,58639.08851,53657.46778,49032.8712,44737.94805,40746.90752,37037.32322,33593.11671,30400.24935,27444.5269,24711.16545,22189.10093,19874.29027,17770.4963,15880.51923,14192.01792,12683.33115,298.43438,298.43438,298.51821,299.90338,303.16934,305.0027,305.95379,306.55882,306.91202,307.21914,307.44311,308.14706,308.90969,309.44775,309.87792,311.82906,315.43167,319.17274,322.20953,325.03396,326.98661,328.79117,330.45914,332.24467,333.75735,335.04962,336.79638,340.41965,347.92105,359.2698,371.23817,371.23817,46.68999,0.5,"2","4",6.5,"10",29.90484,"999","999","999","999","999","999",20.71667,300.18452,299.6877,299.4811,299.07109,298.5809,298.282,101531.27665,101513.86805,101490.65659,101387.84915,101180.95825,100949.57987,"999","999","999","999","999","999","999","999","999","999","999","999",2.34284,48.86402,651789.134,6862865.976,34.90000
100866.47788,100112.68704,99215.51789,98153.87342,96899.90998,95416.66354,93662.79356,91592.94928,89157.42932,86301.4407,82967.86415,79097.35955,74629.24453,69511.37389,64003.07413,58638.48912,53657.01948,49032.49748,44737.70634,40746.63245,37037.01807,33592.90065,30400.15145,27444.51721,24711.21158,22189.16488,19874.26694,17770.38043,15880.4238,14191.96976,12683.29875,298.42918,298.42918,298.53736,299.88921,303.12055,305.00741,305.92178,306.5361,306.90369,307.21623,307.44295,308.15743,308.93574,309.40808,309.87495,311.84428,315.45329,319.16139,322.22015,325.03077,326.9763,328.79486,330.48454,332.26141,333.75716,335.05462,336.79211,340.39756,347.9166,359.27799,371.23708,371.23708,46.81231,0.5,"2","4",6.5,"10",29.9046,"999","999","999","999","999","999",19.43111,300.17635,299.66854,299.45536,299.04193,298.54231,298.2349,101514.78965,101497.37847,101474.16356,101378.80188,101179.34226,100947.93145,"999","999","999","999","999","999","999","999","999","999","999","999",2.35137,48.86401,652414.893,6862859.689,35.00000
100883.69862,100129.84946,99232.43851,98170.32395,96915.85554,95432.16778,93677.81934,91607.38709,89171.1995,86314.53059,82980.24169,79108.93325,74639.85364,69520.8969,64011.49548,58645.93188,53663.54546,49038.10176,44742.59373,40750.81481,37040.41848,33595.6912,30402.50304,27446.50344,24712.84551,22190.44936,19875.13135,17770.7965,15880.57928,14192.01916,12683.20052,298.49998,298.49998,298.56438,299.8457,303.04277,304.97223,305.90433,306.51965,306.89598,307.2095,307.44544,308.16675,308.95765,309.3361,309.88053,311.85169,315.46025,319.15756,322.21577,325.05015,326.95486,328.77464,330.4949,332.28566,333.7743,335.07166,336.79292,340.36371,347.87671,359.30233,371.25506,371.25506,45.35238,0.5,"2","4",6.5,"10",29.90763,"999","999","999","999","999","999",17.89,300.22453,299.73639,299.52987,299.14135,298.64434,298.3339,101513.42782,101496.01954,101472.80852,101386.40546,101195.91012,100964.51451,"999","999","999","999","999","999","999","999","999","999","999","999",2.35991,48.864,653041.386,6862853.465,34.70000
100876.07218,100122.27425,99225.06882,98163.17439,96908.70769,95425.03441,93670.78202,91600.4725,89164.46066,86308.09818,82974.1535,79103.20144,74634.52354,69516.04208,64007.21236,58642.28372,53660.53846,49035.47901,44740.40513,40749.07841,37038.90432,33594.3487,30401.37077,27445.69454,24712.30917,22190.11548,19874.87424,17770.4902,15880.32725,14191.94259,12683.19885,298.51597,298.51597,298.53837,299.97561,303.01661,304.92449,305.87752,306.50619,306.8936,307.20881,307.45903,308.16113,308.95061,309.30013,309.88707,311.85175,315.46489,319.16961,322.19057,325.09255,326.95032,328.76386,330.458,332.29124,333.79606,335.08686,336.80393,340.33258,347.82791,359.31943,371.28454,371.28454,46.05283,0.5,"2","4",6.5,"10",29.90584,"999","999","999","999","999","999",17.82333,300.4804,299.97463,299.76592,299.37617,298.91237,298.61529,101503.83032,101486.44014,101463.25323,101377.32643,101187.42244,100956.28115,"999","999","999","999","999","999","999","999","999","999","999","999",2.36845,48.86399,653667.879,6862847.308,35.50000
100817.95145,100064.55536,99168.20484,98107.46273,96854.16681,95371.79501,93618.99468,91550.2183,89115.91692,86261.77631,82930.35071,79062.09415,74596.56068,69481.73587,63976.91749,58615.97692,53638.02213,49016.10943,44723.82272,40735.09159,37027.16937,33584.58064,30393.28522,27439.2432,24707.34194,22186.43867,19872.27017,17768.72086,15879.2998,14191.60503,12683.3916,298.3989,298.3989,298.49536,300.07924,303.00563,304.91369,305.87219,306.4984,306.88082,307.20833,307.4904,308.15303,308.9366,309.30392,309.9034,311.85989,315.48843,319.2126,322.17362,325.12662,326.95921,328.79782,330.43206,332.28641,333.80909,335.10219,336.81632,340.32598,347.80982,359.32954,371.29199,371.29199,51.17166,0.5,"2","4",6.5,"10",29.89182,"999","999","999","999","999","999",16.99667,300.43142,299.99014,299.80513,299.46053,299.00846,298.71157,101434.65472,101417.28037,101394.11457,101313.05357,101128.16416,100897.34153,"999","999","999","999","999","999","999","999","999","999","999","999",2.37698,48.86398,654293.64,6862841.225,45.59000
100921.47104,100167.5159,99269.23709,98205.8645,96950.57664,95466.34299,93711.69644,91640.96025,89204.02571,86346.31543,83010.74478,79137.98048,74667.21627,69546.08439,64033.73602,58664.37585,53678.71967,49050.68746,44753.06874,40760.09701,37048.49843,33602.25997,30407.426,27449.87238,24715.16674,22192.20653,19876.91446,17772.39732,15881.50531,14192.4158,12683.22101,298.6447,298.6447,298.6613,299.51152,302.89973,304.98111,305.99224,306.63711,306.93315,307.20465,307.46693,308.17014,308.98981,309.36733,309.95476,311.79253,315.33168,319.14467,322.14759,325.08209,327.0516,328.77927,330.47038,332.19264,333.72452,335.06031,336.84702,340.52861,347.85485,359.26772,371.25168,371.25168,41.84475,0.5,"2","4",6.5,"10",29.91478,"999","999","999","999","999","999",18.695,300.01783,299.627,299.46355,299.13987,298.70475,298.41666,101564.5277,101547.11838,101523.90595,101432.8262,101237.62022,101006.15535,"999","999","999","999","999","999","999","999","999","999","999","999",2.30868,48.85844,649277.704,6862266.927,33.00000
100929.14771,100175.01137,99276.613,98213.2266,96957.8526,95473.42304,93718.50101,91647.48992,89210.28626,86352.25451,83016.19836,79142.90064,74671.79442,69550.21132,64037.24928,58667.45075,53681.57405,49053.35831,44755.35022,40761.88835,37049.91526,33603.45892,30408.57316,27450.93904,24716.02923,22192.79782,19877.20438,17772.5223,15881.58237,14192.41319,12683.15503,298.60505,298.60505,298.61003,299.52464,302.93316,304.97623,305.98422,306.6175,306.93483,307.20703,307.46705,308.13555,308.98558,309.327,309.93334,311.77206,315.34958,319.15703,322.17142,325.04969,327.01719,328.76415,330.4883,332.23113,333.74367,335.05584,336.82623,340.4954,347.86557,359.27137,371.24936,371.24936,41.19942,0.5,"2","4",6.5,"10",29.91577,"999","999","999","999","999","999",17.29167,299.85682,299.4889,299.33878,299.05254,298.66493,298.39145,101555.9021,101538.48967,101515.2731,101432.32222,101245.22265,101013.70872,"999","999","999","999","999","999","999","999","999","999","999","999",2.31722,48.85844,649904.269,6862261.475,36.90000
100914.90062,100160.89135,99262.9113,98200.0643,96945.05802,95460.93243,93706.26996,91635.51299,89198.62231,86341.06402,83005.5033,79132.74134,74662.3841,69541.62735,64029.6136,58660.95465,53676.13578,49048.82443,44751.49251,40758.49214,37046.97427,33601.01628,30406.68855,27449.55993,24715.00141,22191.99175,19876.50194,17772.00511,15881.31612,14192.3045,12683.17722,298.59748,298.59748,298.61253,299.67834,302.98839,305.0033,305.9805,306.6079,306.92447,307.20837,307.4733,308.11594,308.97549,309.33543,309.89042,311.78024,315.38095,319.16837,322.18783,325.0318,326.98924,328.74898,330.48976,332.25175,333.75237,335.05593,336.81026,340.46166,347.88899,359.27322,371.24643,371.24643,42.44286,0.5,"2","4",6.5,"10",29.91305,"999","999","999","999","999","999",19.305,300.25946,299.76943,299.56896,299.17477,298.70023,298.40382,101564.3501,101546.94062,101523.72798,101429.10745,101230.3664,100998.91272,"999","999","999","999","999","999","999","999","999","999","999","999",2.32575,48.85843,650530.093,6862254.985,32.20000
100896.12734,100142.37221,99244.8063,98182.42606,96927.84284,95444.08643,93689.76724,91619.39094,89183.02167,86326.09394,82991.28041,79119.31788,74649.84088,69530.22818,64019.60648,58652.44293,53668.88579,49042.66676,44746.26447,40753.96024,37043.12526,33597.812,30404.1071,27447.5988,24713.53628,22190.87789,19875.60101,17771.3568,15880.96873,14192.17108,12683.21763,298.59482,298.59482,298.66307,299.74565,303.03351,305.00949,305.96171,306.58688,306.91566,307.2182,307.47174,308.11719,308.93868,309.38414,309.86842,311.80831,315.40467,319.16954,322.20486,325.02208,326.97854,328.74173,330.47267,332.25822,333.76299,335.0569,336.79853,340.43426,347.90514,359.27747,371.24499,371.24499,44.10292,0.5,"2","4",6.5,"10",29.91009,"999","999","999","999","999","999",21.065,300.15604,299.67773,299.48525,299.09375,298.65366,298.37656,101565.15199,101547.74414,101524.53368,101419.70941,101210.78582,100979.37674,"999","999","999","999","999","999","999","999","999","999","999","999",2.33429,48.85842,651156.651,6862248.557,29.00000
100885.92686,100132.31442,99235.01306,98172.91309,96918.50172,95434.90673,93680.74626,91610.45365,89174.31061,86317.74341,82983.3534,79111.85223,74642.77408,69523.7515,64014.00025,58647.77571,53664.91363,49039.27072,44743.407,40751.43652,37040.99331,33596.08996,30402.70201,27446.55088,24712.78067,22190.32072,19875.12296,17770.96773,15880.74407,14192.07567,12683.2207,298.61055,298.61055,298.6781,299.82364,303.04121,304.99424,305.94136,306.56881,306.89369,307.22433,307.4616,308.12812,308.91066,309.43266,309.87099,311.83255,315.4133,319.16934,322.21301,325.01501,326.95856,328.77062,330.45743,332.25888,333.76744,335.05689,336.79403,340.40782,347.90911,359.28242,371.24085,371.24085,45.02787,0.5,"2","4",6.5,"10",29.90842,"999","999","999","999","999","999",22.0675,300.40436,299.86431,299.64789,299.19859,298.72178,298.43906,101565.50605,101548.10372,101524.9006,101414.29424,101199.62802,100968.30519,"999","999","999","999","999","999","999","999","999","999","999","999",2.34282,48.85841,651782.476,6862242.203,36.09000
100894.93688,100141.13647,99243.65531,98181.34094,96926.68023,95442.8949,93688.46064,91617.76682,89181.24399,86324.31185,82989.55352,79117.6136,74647.98317,69528.38981,64018.14182,58651.57109,53668.25749,49042.11981,44745.9052,40753.51537,37042.69313,33597.5446,30403.94332,27447.61869,24713.66792,22191.01502,19875.55986,17771.14595,15880.80095,14192.0737,12683.14702,298.60346,298.60346,298.59566,299.83299,302.97416,304.9857,305.92165,306.54799,306.87712,307.22449,307.45253,308.13996,308.89998,309.42946,309.87425,311.84666,315.42921,319.15397,322.20793,325.01431,326.94519,328.78861,330.47533,332.27431,333.77538,335.05458,336.79095,340.38275,347.89612,359.29105,371.23714,371.23714,44.29843,0.5,"2","4",6.5,"10",29.90974,"999","999","999","999","999","999",20.29333,300.61133,300.07156,299.85325,299.4125,298.93216,298.64079,101552.56219,101535.17059,101511.98178,101411.72887,101207.47517,100976.28483,"999","999","999","999","999","999","999","999","999","999","999","999",2.35136,48.8584,652409.035,6862235.91,36.20000
100904.65866,100150.55128,99252.92096,98190.42692,96935.52605,95451.57139,93696.87131,91625.79709,89188.87858,86331.52199,82996.33945,79123.93832,74653.74018,69533.55601,64022.73877,58655.7087,53671.925,49045.2243,44748.62444,40755.90335,37044.61467,33599.09502,30405.26775,27448.76179,24714.63083,22191.79285,19876.07868,17771.35195,15880.83903,14192.08499,12683.07815,298.50347,298.50347,298.51084,299.91549,302.92769,305.00347,305.91859,306.54073,306.87065,307.2225,307.44437,308.14924,308.90634,309.41198,309.88531,311.85884,315.43573,319.14844,322.19277,325.04285,326.9429,328.76679,330.48746,332.29349,333.78834,335.07038,336.79256,340.35785,347.86028,359.30831,371.25966,371.25966,43.49345,0.5,"2","4",6.5,"10",29.9113,"999","999","999","999","999","999",15.9525,300.56327,300.12981,299.94797,299.61286,299.14519,298.84364,101510.89153,101493.51045,101470.33568,101395.29288,101216.30623,100985.24376,"999","999","999","999","999","999","999","999","999","999","999","999",2.35989,48.85839,653034.862,6862229.691,35.29000
100899.19065,100144.71787,99247.1285,98184.94749,96930.19656,95446.40419,93691.80706,91620.79144,89183.98551,86326.79981,82991.82749,79119.68335,74649.76286,69529.92874,64019.51948,58652.97367,53669.73714,49043.29874,44746.99642,40754.68021,37043.56031,33598.12974,30404.45101,27448.17543,24714.25513,22191.58222,19875.91305,17771.11454,15880.62682,14192.01751,12683.06674,298.34698,298.34698,298.32789,300.10623,302.97385,305.02833,305.92901,306.53063,306.8676,307.22142,307.44987,308.14789,308.90136,309.39107,309.89367,311.8577,315.45432,319.16277,322.16996,325.08981,326.95575,328.74925,330.46026,332.29727,333.79552,335.08526,336.79727,340.3299,347.81555,359.32854,371.28136,371.28136,44.00982,0.5,"2","4",6.5,"10",29.91033,"999","999","999","999","999","999",17.22167,300.69025,300.22652,300.03748,299.68083,299.22991,298.93869,101519.26103,101501.88678,101478.72113,101396.35755,101210.09475,100979.13061,"999","999","999","999","999","999","999","999","999","999","999","999",2.36843,48.85838,653661.423,6862223.533,36.40000
100883.44419,100128.59822,99231.07525,98169.36552,96915.06809,95431.71457,93677.5038,91606.84955,89170.46489,86313.88708,82979.58521,79108.13718,74639.05577,69520.2154,64010.89699,58645.48171,53663.49391,49037.95053,44742.37434,40750.85311,37040.39891,33595.49903,30402.21154,27446.39636,24712.93367,22190.64934,19875.25727,17770.60389,15880.27593,14191.8823,12683.08266,298.10673,298.10673,298.12315,300.185,303.00408,305.04229,305.92617,306.50914,306.8617,307.22232,307.46154,308.14383,308.89463,309.38228,309.8944,311.85063,315.46779,319.19676,322.14573,325.11748,326.96579,328.77104,330.43756,332.28514,333.80599,335.09787,336.81055,340.3208,347.78998,359.33222,371.28811,371.28811,45.43811,0.5,"2","4",6.5,"10",29.90622,"999","999","999","999","999","999",15.69,300.59368,300.1409,299.94912,299.59256,299.23754,298.93092,101484.8264,101467.45464,101444.2923,101370.80978,101193.45875,100962.55941,"999","999","999","999","999","999","999","999","999","999","999","999",2.37696,48.85836,654287.242,6862216.337,34.59000
100907.47979,100154.09323,99256.09057,98192.70422,96937.66693,95453.99608,93699.96096,91629.69139,89193.19597,86336.00006,83001.14367,79129.15468,74659.12481,69538.83637,64027.17838,58658.51474,53673.72388,49046.42923,44749.34243,40756.77498,37045.67254,33599.90741,30405.48439,27448.33474,24713.97927,22191.31466,19876.21615,17771.89943,15881.24071,14192.31715,12683.24295,298.80514,298.80514,298.85956,299.41536,302.87201,305.02532,306.08815,306.67024,306.95078,307.19269,307.48182,308.21729,308.99633,309.39137,309.97963,311.7628,315.37036,319.14053,322.16061,325.05593,327.02919,328.78201,330.46045,332.1961,333.73072,335.06616,336.84708,340.50673,347.87266,359.27307,371.2555,371.2555,42.99163,0.5,"2","4",6.5,"10",29.91242,"999","999","999","999","999","999",19.85167,299.76157,299.39337,299.24822,298.95955,298.6083,298.35326,101564.0186,101546.60795,101523.39375,101425.59425,101223.6697,100992.20537,"999","999","999","999","999","999","999","999","999","999","999","999",2.30867,48.85283,649271.508,6861643.154,37.59000
100897.62614,100144.36123,99246.54349,98183.47268,96928.68926,95445.13614,93691.19815,91621.13281,89184.94913,86328.06649,82993.49583,79121.8589,74652.44461,69532.77849,64021.73156,58653.87199,53669.8546,49043.25421,44746.65366,40754.39219,37043.54841,33598.10951,30404.18159,27447.44973,24713.32088,22190.7647,19875.70822,17771.50829,15881.03508,14192.2294,12683.24904,298.82567,298.82567,298.85277,299.45334,302.92289,305.01127,306.06058,306.65008,306.95274,307.19847,307.47274,308.20115,308.9912,309.33563,309.95092,311.76496,315.38444,319.14761,322.17881,325.03275,327.00735,328.74862,330.4721,332.23541,333.75393,335.06201,336.83488,340.47955,347.88199,359.28026,371.25283,371.25283,43.87546,0.5,"2","4",6.5,"10",29.91012,"999","999","999","999","999","999",15.29333,299.70899,299.39149,299.25946,299.01852,298.65161,298.38,101500.83893,101483.43135,101460.22125,101388.88885,101213.45868,100982.05301,"999","999","999","999","999","999","999","999","999","999","999","999",2.31721,48.85282,649898.132,6861636.59,37.29000
100866.37988,100113.40525,99216.32452,98154.3037,96900.21933,95417.20381,93663.90748,91594.55782,89159.20322,86303.40005,82970.01749,79099.72898,74632.05185,69514.33545,64005.44382,58639.87714,53657.88294,49033.05183,44737.98181,40746.95251,37037.17184,33592.77636,30399.9299,27444.17555,24710.81622,22188.84547,19874.23012,17770.49027,15880.49065,14192.03774,12683.34115,298.83431,298.83431,298.83812,299.72413,303.05913,304.99969,306.04505,306.64094,306.94077,307.19797,307.47673,308.17462,308.98578,309.30803,309.92315,311.77942,315.40225,319.16593,322.19631,325.02568,326.97976,328.72379,330.47582,332.257,333.76636,335.06137,336.81825,340.4573,347.89901,359.28635,371.24901,371.24901,46.60595,0.5,"2","4",6.5,"10",29.90422,"999","999","999","999","999","999",19.46167,300.4939,299.98801,299.77881,299.35034,298.8383,298.53367,101516.8411,101499.44792,101476.25702,101380.81681,101181.38774,100950.21915,"999","999","999","999","999","999","999","999","999","999","999","999",2.32574,48.85281,650524.023,6861630.099,36.29000
100850.71712,100097.67658,99200.93545,98139.59496,96885.97049,95403.23173,93650.18773,91581.13378,89146.09491,86290.77582,82957.98621,79088.30003,74621.42526,69504.68008,63996.98796,58632.76467,53651.81608,49027.86678,44733.61203,40743.18675,37033.94911,33590.08169,30397.76669,27442.54273,24709.60926,22187.92723,19873.48056,17769.93618,15880.18507,14191.9177,12683.36815,298.7474,298.7474,298.74584,299.90357,303.17998,305.0154,306.02667,306.62229,306.93209,307.19357,307.48664,308.14514,308.95065,309.31022,309.88754,311.80761,315.42437,319.16064,322.20983,325.0213,326.97136,328.71733,330.46742,332.26273,333.77755,335.06309,336.80526,340.43482,347.90555,359.29251,371.24393,371.24393,48.00446,0.5,"2","4",6.5,"10",29.90145,"999","999","999","999","999","999",18.82667,300.60625,300.08171,299.86301,299.41904,298.88725,298.57591,101492.92891,101475.5413,101452.35781,101360.62847,101164.95421,100933.88088,"999","999","999","999","999","999","999","999","999","999","999","999",2.33427,48.8528,651149.915,6861623.676,33.79000
100853.95884,100100.73673,99204.02714,98142.82713,96889.09087,95406.13484,93652.92949,91583.65397,89148.41858,86292.97126,82959.99086,79090.00403,74622.80026,69505.86912,63998.18796,58634.0354,53652.96977,49028.85739,44734.52059,40743.89537,37034.52339,33590.61542,30398.2084,27442.96474,24710.00579,22188.24059,19873.62224,17769.94383,15880.16848,14191.88806,12683.31768,298.68109,298.68109,298.68641,299.98945,303.18846,304.95973,305.99174,306.60872,306.91528,307.1956,307.48683,308.12868,308.91628,309.34287,309.88307,311.83998,315.42742,319.1591,322.20911,325.03758,326.95565,328.75624,330.46376,332.2645,333.78104,335.06846,336.79367,340.40809,347.90596,359.30036,371.24041,371.24041,47.76986,0.5,"2","4",6.5,"10",29.90117,"999","999","999","999","999","999",19.615,300.67046,300.13197,299.91393,299.46957,298.98002,298.68544,101504.20035,101486.81896,101463.64377,101367.37985,101167.20931,100936.22091,"999","999","999","999","999","999","999","999","999","999","999","999",2.34281,48.85279,651776.541,6861617.315,34.09000
100910.81213,100156.73943,99259.17465,98196.96452,96941.95059,95457.63632,93702.94715,91631.97351,89194.88072,86337.31794,83001.88503,79129.11768,74658.68453,69538.17152,64026.79042,58659.10353,53674.68655,49047.52234,44750.57171,40757.49664,37045.91115,33600.11997,30406.02092,27449.30619,24715.02086,22192.04779,19876.27531,17771.54524,15880.98145,14192.1168,12683.04646,298.57058,298.57058,298.53408,299.96575,303.05742,304.88314,305.9328,306.57919,306.89716,307.19577,307.47556,308.12562,308.89619,309.40552,309.88266,311.85534,315.42353,319.13581,322.20337,325.05336,326.93596,328.77652,330.47338,332.28028,333.78569,335.06943,336.79007,340.37675,347.87592,359.30634,371.23842,371.23842,42.87384,0.5,"2","4",6.5,"10",29.91199,"999","999","999","999","999","999",18.92667,300.62565,300.09675,299.88885,299.47735,299.04691,298.77045,101552.5972,101535.21127,101512.03004,101419.73009,101223.45462,100992.32234,"999","999","999","999","999","999","999","999","999","999","999","999",2.35134,48.85278,652402.434,6861611.028,35.00000
100941.60181,100186.87576,99288.84977,98226.24529,96970.60776,95485.62002,93730.15973,91658.2384,89220.09899,86361.34239,83024.58826,79150.30422,74678.10199,69555.65191,64042.25146,58672.65446,53686.50198,49057.67585,44759.29281,40764.97519,37052.15228,33605.25167,30410.25097,27452.78894,24717.80727,22194.19247,19877.77613,17772.38878,15881.35951,14192.22801,12682.88748,298.43774,298.43774,298.37397,300.05415,303.03712,304.86736,305.921,306.5685,306.88925,307.19995,307.45899,308.12789,308.87196,309.40609,309.88351,311.85474,315.42531,319.12473,322.1867,325.06449,326.93257,328.75391,330.46592,332.29503,333.79947,335.06912,336.79478,340.34779,347.83788,359.31785,371.25989,371.25989,40.21813,0.5,"2","4",6.5,"10",29.918,"999","999","999","999","999","999",18.25167,300.75661,300.23594,300.02851,299.62187,299.18102,298.89917,101574.96956,101557.58609,101534.40812,101446.03246,101253.67271,101022.52656,"999","999","999","999","999","999","999","999","999","999","999","999",2.35988,48.85277,653029.062,6861604.802,33.20000
100918.40895,100163.47477,99265.60749,98203.54322,96948.56446,95464.28888,93709.4849,91638.19125,89200.7385,86342.80979,83007.0124,79133.80789,74662.84008,69541.82833,64030.02649,58662.02917,53677.53296,49049.99395,44752.65806,40759.47362,37047.54412,33601.34195,30407.02771,27450.25943,24715.89871,22192.81642,19876.79431,17771.64175,15880.87265,14192.07456,12682.94758,298.24126,298.24126,298.20508,300.1751,303.11066,304.95841,305.96964,306.58534,306.89244,307.20287,307.46541,308.13096,308.86952,309.40848,309.88267,311.85114,315.43986,319.1634,322.16712,325.08759,326.95728,328.74005,330.44349,332.29895,333.80915,335.08887,336.79989,340.3353,347.79808,359.33664,371.28104,371.28104,42.26577,0.5,"2","4",6.5,"10",29.91362,"999","999","999","999","999","999",17.69111,300.74998,300.26208,300.06357,299.67789,299.21876,298.92807,101544.42544,101527.04777,101503.87753,101418.7784,101229.74677,100998.71155,"999","999","999","999","999","999","999","999","999","999","999","999",2.36841,48.85276,653654.957,6861598.65,37.70000
100908.61941,100153.49564,99255.63446,98193.78342,96939.096,95455.18884,93700.73519,91629.73,89192.53975,86334.93908,82999.49588,79126.70499,74656.25407,69535.82016,64024.65262,58657.34758,53673.74575,49046.79001,44749.81085,40757.12971,37045.64124,33599.77123,30405.69228,27449.19494,24715.11729,22192.28326,19876.42363,17771.32265,15880.62383,14191.96939,12682.93666,298.11703,298.11703,298.10138,300.21243,303.11342,304.98554,305.99542,306.59276,306.89337,307.20376,307.46792,308.12695,308.87067,309.43653,309.87908,311.83767,315.44682,319.20489,322.13939,325.09572,326.9665,328.75192,330.43794,332.29473,333.81203,335.09859,336.81053,340.32874,347.76972,359.33803,371.28884,371.28884,43.14012,0.5,"2","4",6.5,"10",29.91183,"999","999","999","999","999","999",16.05833,300.74719,300.27544,300.07734,299.70441,299.22231,298.91925,101515.20639,101497.82976,101474.66093,101399.02436,101219.46852,100988.46117,"999","999","999","999","999","999","999","999","999","999","999","999",2.37694,48.85275,654280.852,6861592.565,34.70000
100881.6903,100128.76543,99231.38668,98168.68947,96914.14616,95430.96953,93677.60807,91608.02075,89172.21957,86315.97968,82982.39383,79111.76725,74643.16672,69524.46296,64014.45269,58647.37088,53664.09667,49038.16896,44742.19173,40750.5464,37040.38719,33595.51758,30401.88055,27445.45321,24711.72859,22189.61694,19874.96058,17771.05057,15880.78361,14192.15764,12683.3127,298.90041,298.90041,298.96523,299.56643,302.94228,304.99395,306.10463,306.67863,306.98287,307.17577,307.50303,308.25106,309.02238,309.45663,309.97213,311.76122,315.37945,319.15218,322.16165,325.02785,327.00506,328.78236,330.45734,332.20265,333.73866,335.0736,336.85575,340.49659,347.88743,359.27725,371.25601,371.25601,45.19382,0.5,"2","4",6.5,"10",29.90705,"999","999","999","999","999","999",22.76,300.15681,299.68703,299.49735,299.09711,298.63345,298.35388,101571.37604,101553.97,101530.76194,101416.11414,101197.38961,100966.02811,"999","999","999","999","999","999","999","999","999","999","999","999",2.30866,48.84721,649265.303,6861018.272,36.09000
100842.51701,100089.91537,99193.07792,98131.38654,96877.86509,95395.52288,93642.99735,91574.35309,89139.75759,86284.91343,82952.90247,79084.08773,74617.65754,69501.40278,63994.05156,58629.78756,53649.01979,49025.26277,44731.18872,40741.16993,37032.37297,33588.78571,30396.52147,27441.30682,24708.52851,22187.16173,19873.10523,17769.79297,15880.11149,14191.9283,12683.43972,298.89026,298.89026,298.91433,299.65773,303.13533,305.02231,306.10719,306.65625,306.96924,307.18142,307.49561,308.24988,309.00925,309.38545,309.96409,311.77091,315.39621,319.16313,322.16633,325.0214,326.99619,328.7458,330.46505,332.23572,333.75728,335.07466,336.84264,340.47667,347.90435,359.28946,371.25024,371.25024,48.63168,0.5,"2","4",6.5,"10",29.89847,"999","999","999","999","999","999",17.38833,300.279,299.81658,299.62575,299.25461,298.79112,298.49626,101469.0517,101451.66085,101428.47304,101345.06457,101157.70336,100926.61007,"999","999","999","999","999","999","999","999","999","999","999","999",2.31719,48.84721,649891.271,6861012.825,38.09000
100806.70029,100054.34658,99158.31477,98097.71155,96844.94124,95363.24221,93611.44516,91543.66277,89110.12462,86256.53505,82925.8998,79058.69314,74594.25444,69480.24439,63975.37373,58613.73002,53635.22004,49013.42944,44721.18318,40732.67008,37025.09299,33582.65993,30391.6009,27437.49559,24705.60439,22184.93455,19871.42083,17768.63299,15879.48492,14191.71469,12683.55242,298.83779,298.83779,298.87933,299.97221,303.22932,305.01744,306.07814,306.64465,306.95372,307.18494,307.48758,308.23399,309.00022,309.32746,309.95045,311.7887,315.4213,319.17088,322.19425,325.05057,326.98043,328.71943,330.46051,332.25763,333.7703,335.07364,336.83066,340.45304,347.91197,359.30359,371.24591,371.24591,51.77679,0.5,"2","4",6.5,"10",29.8925,"999","999","999","999","999","999",19.865,300.67929,300.13745,299.91398,299.44765,298.91873,298.61205,101460.92988,101443.55258,101420.38284,101322.69345,101121.15537,100890.28824,"999","999","999","999","999","999","999","999","999","999","999","999",2.32573,48.8472,650517.963,6861006.328,40.59000
100783.17467,100030.88138,99135.30675,98075.56882,96823.46614,95342.16695,93590.79077,91523.55254,89090.66681,86237.87807,82908.08307,79041.82267,74578.6773,69466.16379,63962.97463,58603.19569,53626.17461,49005.62272,44714.62102,40727.1043,37020.35392,33578.67656,30388.37757,27435.01017,24703.72431,22183.51288,19870.32917,17767.85131,15879.05009,14191.55697,12683.61115,298.75401,298.75401,298.81949,300.17596,303.42608,305.04381,306.06099,306.63475,306.9479,307.18445,307.49624,308.20225,308.97866,309.31407,309.9436,311.8132,315.46406,319.14833,322.22401,325.0707,326.99388,328.71388,330.45455,332.26747,333.783,335.07196,336.82251,340.43255,347.9132,359.31276,371.23944,371.23944,53.8506,0.5,"2","4",6.5,"10",29.88873,"999","999","999","999","999","999",15.22,299.51468,299.27715,299.17741,299.00568,298.76384,298.51376,101383.0948,101365.71599,101342.54424,101271.75455,101097.12171,100866.26368,"999","999","999","999","999","999","999","999","999","999","999","999",2.33426,48.84719,651143.922,6860999.904,43.20000
100744.66691,99992.6826,99097.82682,98039.05791,96787.70871,95307.13071,93556.60457,91490.44681,89058.8149,86207.39485,82879.05569,79014.46808,74553.3744,69443.27841,63942.90071,58585.99272,53611.37482,48992.8719,44703.76644,40717.84757,37012.54972,33572.24312,30383.12785,27430.85291,24700.53097,22181.12258,19868.56622,17766.63195,15878.36804,14191.32866,12683.73371,298.73261,298.73261,298.78871,300.40143,303.48848,305.04847,306.05144,306.63943,306.95406,307.19185,307.49495,308.16743,308.94702,309.28945,309.92223,311.8614,315.49219,319.14884,322.22676,325.08473,327.00013,328.7541,330.46665,332.27343,333.79164,335.07772,336.81836,340.41769,347.91727,359.32689,371.2365,371.2365,57.23347,0.5,"2","4",6.5,"10",29.88236,"999","999","999","999","999","999",19.9225,300.66416,300.1323,299.91385,299.45982,298.94619,298.6445,101397.73956,101380.37523,101357.2228,101259.27353,101057.59224,100826.97575,"999","999","999","999","999","999","999","999","999","999","999","999",2.34279,48.84718,651769.881,6860993.549,54.09000
100832.4098,100079.07102,99182.8617,98122.50582,96869.13129,95386.32336,93633.58421,91565.14514,89130.8186,86276.14802,82943.96732,79074.97915,74609.00035,69493.45166,63987.24328,58624.69839,53644.92173,49021.76577,44728.54973,40738.83857,37030.14124,33586.92508,30395.17632,27440.584,24708.20435,22186.93266,19872.64599,17769.15406,15879.66705,14191.70814,12683.33678,298.50675,298.50675,298.57544,300.32301,303.28068,304.87289,305.92943,306.63427,306.95831,307.19564,307.48761,308.13407,308.89466,309.30026,309.89382,311.85958,315.4731,319.13412,322.21921,325.08661,326.94892,328.77542,330.48041,332.28433,333.79512,335.08009,336.80273,340.38555,347.87436,359.33349,371.23945,371.23945,49.64919,0.5,"2","4",6.5,"10",29.89529,"999","999","999","999","999","999",19.03333,300.41412,299.93243,299.73735,299.34174,298.8757,298.58736,101475.4406,101458.0577,101434.8805,101341.97857,101145.18375,100914.22077,"999","999","999","999","999","999","999","999","999","999","999","999",2.35133,48.84717,652396.576,6860987.254,40.79000
100956.69681,100201.77358,99303.48072,98240.70736,96984.81189,95499.28691,93743.47567,91671.59579,89233.28134,86373.98768,83036.47362,79161.33991,74688.46423,69565.14028,64050.54218,58679.76603,53692.63045,49062.8803,44763.71213,40768.75722,37055.27449,33607.75119,30412.22977,27454.35941,24719.0562,22195.15189,19878.45467,17772.7767,15881.53336,14192.26638,12682.78845,298.39835,298.39835,298.37187,300.06392,303.11512,304.80734,305.88661,306.60375,306.95468,307.19535,307.48499,308.10269,308.84412,309.32871,309.88114,311.84593,315.4204,319.12101,322.1848,325.07508,326.92996,328.73949,330.45707,332.28884,333.80514,335.08315,336.79521,340.34426,347.81825,359.32985,371.26143,371.26143,38.85341,0.5,"2","4",6.5,"10",29.91964,"999","999","999","999","999","999",18.885,299.56564,299.28648,299.1806,298.99718,298.77087,298.55717,101598.78576,101581.37956,101558.17128,101466.00542,101269.71314,101038.25203,"999","999","999","999","999","999","999","999","999","999","999","999",2.35986,48.84716,653022.537,6860981.034,33.90000
100966.15582,100210.89583,99312.53369,98249.88149,96993.90802,95508.1581,93752.09493,91679.97577,89241.31779,86381.63897,83043.66513,79167.95684,74694.49051,69570.52371,64055.26008,58683.82856,53696.39396,49066.20668,44766.42411,40771.17133,37057.36006,33609.40868,30413.55748,27455.49046,24720.00214,22195.9133,19878.9961,17773.02181,15881.58129,14192.27012,12682.70941,298.28955,298.28955,298.28785,300.20825,303.20426,304.82171,305.88572,306.60243,306.96692,307.1927,307.49909,308.0845,308.82953,309.36674,309.85805,311.8096,315.41173,319.16865,322.13654,325.07285,326.95246,328.72636,330.4282,332.29223,333.81293,335.08742,336.80287,340.33254,347.78075,359.34155,371.27908,371.27908,38.01607,0.5,"2","4",6.5,"10",29.92234,"999","999","999","999","999","999",17.22333,300.55363,300.0574,299.85936,299.47388,299.04662,298.76823,101588.55136,101571.15596,101547.96209,101465.48857,101278.94283,101047.60455,"999","999","999","999","999","999","999","999","999","999","999","999",2.36839,48.84714,653648.491,6860973.769,33.70000
100931.87543,100176.69701,99278.8178,98216.99835,96961.85186,95476.95321,93721.77951,91650.68502,89213.13356,86354.68999,83018.06129,79143.90753,74672.27312,69550.38197,64037.44804,58668.36428,53683.28761,49055.02067,44756.72757,40762.96886,37050.5436,33603.75399,30408.89907,27451.76694,24717.12696,22193.79343,19877.49928,17771.98558,15880.94744,14192.04873,12682.79915,298.18444,298.18444,298.19829,300.33428,303.26105,304.86477,305.89964,306.61232,306.98154,307.19952,307.50415,308.07011,308.83685,309.42068,309.84899,311.81172,315.42581,319.21737,322.12341,325.07105,326.96874,328.7382,330.41855,332.29757,333.81601,335.09889,336.81131,340.33114,347.7576,359.34326,371.29041,371.29041,41.00097,0.5,"2","4",6.5,"10",29.9161,"999","999","999","999","999","999",18.9775,300.54602,300.07409,299.87867,299.47337,298.98847,298.69484,101574.14052,101556.74668,101533.5549,101440.91821,101244.24279,101012.97354,"999","999","999","999","999","999","999","999","999","999","999","999",2.37692,48.84713,654274.454,6860967.684,34.60000
100806.49795,100054.1328,99158.0192,98097.10697,96844.27182,95362.73478,93611.07882,91543.45082,89110.00266,86256.64538,82926.33099,79059.4164,74594.98009,69481.0467,63976.24179,58614.10659,53635.26695,49013.38386,44720.95533,40732.36277,37025.02304,33582.76033,30391.43274,27437.07067,24705.16526,22184.65801,19871.39916,17768.7205,15879.5254,14191.76254,12683.59317,298.82224,298.82224,298.90341,299.87713,303.08634,305.08927,306.09746,306.68472,306.99914,307.18916,307.52454,308.2473,309.03975,309.50626,309.98297,311.77181,315.37472,319.17685,322.17597,325.01638,326.98729,328.7931,330.45659,332.2084,333.74211,335.0762,336.86175,340.49955,347.90219,359.29673,371.25905,371.25905,51.74225,0.5,"2","4",6.5,"10",29.89113,"999","999","999","999","999","999",17.80833,300.35906,299.86342,299.65933,299.2587,298.77619,298.47731,101437.41421,101420.02904,101396.84881,101311.03367,101121.32811,100890.36705,"999","999","999","999","999","999","999","999","999","999","999","999",2.30865,48.8416,649259.108,6860394.505,39.90000
100722.62581,99970.99298,99076.042,98016.92214,96766.03968,95286.40959,93536.82235,91471.52155,89040.72675,86190.33672,82863.49382,79000.5678,74540.68511,69431.99771,63932.94148,58576.65978,53602.99292,48985.6574,44697.32994,40712.27993,37008.01288,33568.52784,30379.90656,27427.96489,24698.08831,22179.29127,19867.48789,17766.13861,15878.13778,14191.31703,12683.90514,298.77634,298.77634,298.86392,300.02938,303.33019,305.18112,306.14028,306.7021,306.9994,307.19352,307.51232,308.2636,309.01817,309.48826,309.98979,311.80115,315.43662,319.1818,322.22341,325.03028,326.99359,328.7643,330.46493,332.24191,333.76485,335.08052,336.85593,340.49119,347.92432,359.31097,371.25442,371.25442,59.08255,0.5,"2","4",6.5,"10",29.87608,"999","999","999","999","999","999",19.35556,300.22317,299.7052,299.4999,299.08074,298.73504,298.4861,101370.44211,101353.07252,101329.91305,101235.21659,101036.78086,100806.14286,"999","999","999","999","999","999","999","999","999","999","999","999",2.31718,48.84159,649885.133,6860387.946,52.50000
100702.89147,99951.3692,99056.79378,97998.21069,96747.75473,95268.55538,93519.41911,91454.5982,89024.46236,86174.71679,82848.51692,78986.43989,74527.63602,69420.17039,63922.51512,58567.80842,53595.41006,48979.09283,44691.82728,40707.68081,37004.04889,33565.12959,30377.19102,27425.91134,24696.54241,22178.11314,19866.55423,17765.45733,15877.76543,14191.1809,12683.95148,298.72361,298.72361,298.83987,300.15139,303.37632,305.18179,306.14698,306.68841,306.98657,307.1989,307.48542,308.25656,309.00765,309.44928,309.99633,311.84222,315.47198,319.17249,322.23395,325.07353,327.00873,328.74441,330.45939,332.26028,333.77711,335.08166,336.84305,340.46115,347.93078,359.32382,371.24999,371.24999,60.82822,0.5,"2","4",6.5,"10",29.87408,"999","999","999","999","999","999",16.72667,300.01764,299.62069,299.46047,299.15762,298.75349,298.47784,101319.7876,101302.42104,101279.26564,101199.80401,101016.62904,100786.04694,"999","999","999","999","999","999","999","999","999","999","999","999",2.32571,48.84158,650511.159,6860381.454,55.20000
100707.90194,99956.22986,99061.65612,98003.23125,96752.70625,95273.29816,93523.91119,91458.86417,89028.63059,86178.68575,82852.05551,78989.53821,74530.51782,69422.78344,63924.79834,58570.02223,53597.39951,48980.70603,44693.29355,40709.0027,37005.12244,33565.96449,30377.90033,27426.57543,24697.12556,22178.55286,19866.7916,17765.52639,15877.78187,14191.15998,12683.8909,298.69106,298.69106,298.78504,300.25444,303.44822,305.14622,306.13133,306.6575,306.98444,307.21068,307.47941,308.22248,308.97657,309.36069,309.99303,311.84628,315.50468,319.1399,322.23521,325.09738,327.01992,328.73993,330.45257,332.26876,333.78737,335.08102,336.83084,340.43591,347.92385,359.33219,371.2412,371.2412,60.40923,0.5,"2","4",6.5,"10",29.87625,"999","999","999","999","999","999",17.99111,300.17019,299.74133,299.56554,299.21693,298.77679,298.49241,101339.00702,101321.64056,101298.48528,101211.70443,101021.20237,100790.60469,"999","999","999","999","999","999","999","999","999","999","999","999",2.33425,48.84157,651137.919,6860375.024,54.29000
100731.59581,99979.56702,99084.72224,98026.01061,96774.95093,95294.87515,93544.81626,91479.12789,89048.25337,86197.43953,82869.52897,79005.65992,74545.3787,69436.18794,63936.65467,58580.48535,53606.55404,48988.58256,44700.05208,40714.73961,37009.93028,33569.98916,30381.21587,27429.29514,24699.30907,22180.21915,19867.9248,17766.16968,15878.09039,14191.22897,12683.75236,298.63035,298.63035,298.73654,300.30299,303.42409,305.08331,306.08907,306.64568,306.98432,307.21794,307.46981,308.16614,308.94209,309.29661,309.96886,311.84802,315.50566,319.13475,322.22901,325.10533,327.01544,328.75699,330.4611,332.27525,333.79439,335.08325,336.8277,340.41219,347.91139,359.33625,371.23733,371.23733,58.35671,0.5,"2","4",6.5,"10",29.88025,"999","999","999","999","999","999",18.275,300.16228,299.74362,299.57301,299.23297,298.80044,298.51926,101365.90301,101348.53383,101325.37492,101236.93685,101044.74593,100814.08133,"999","999","999","999","999","999","999","999","999","999","999","999",2.34278,48.84156,651763.946,6860368.667,56.09000
100826.24198,100072.85464,99176.48149,98116.04228,96862.95213,95380.6711,93628.27093,91560.10483,89126.28885,86271.92012,82939.83524,79071.22392,74605.72237,69490.622,63984.69806,58622.35331,53642.90201,49019.89616,44726.84695,40737.46481,37028.97912,33585.87147,30394.2456,27439.80503,24707.58987,22186.49152,19872.34542,17768.91552,15879.50546,14191.64399,12683.32594,298.48463,298.48463,298.51188,300.20028,303.27396,304.98976,306.03033,306.6398,306.99734,307.21773,307.47276,308.13241,308.90073,309.2689,309.93496,311.8436,315.48635,319.12575,322.18734,325.09415,326.95871,328.75869,330.47122,332.27584,333.79644,335.08533,336.82263,340.38115,347.868,359.34178,371.24455,371.24455,50.14018,0.5,"2","4",6.5,"10",29.89555,"999","999","999","999","999","999",17.00778,300.31235,299.82667,299.62386,299.23013,298.74355,298.4412,101446.53087,101429.14055,101405.95347,101324.75359,101139.61548,100908.55193,"999","999","999","999","999","999","999","999","999","999","999","999",2.35131,48.84155,652389.975,6860362.378,42.40000
100916.29368,100161.74024,99263.91298,98201.74055,96946.68404,95462.20573,93707.52923,91636.97778,89200.34597,86342.63588,83006.66656,79133.54191,74663.07173,69542.37021,64030.37074,58662.0375,53677.3475,49049.66094,44752.26595,40759.10029,37047.14641,33600.92371,30406.55475,27449.76026,24715.45622,22192.45905,19876.55533,17771.5169,15880.82396,14192.03735,12682.92073,298.36808,298.36808,298.39066,300.0197,303.12111,304.85707,305.94039,306.62668,307.0027,307.21503,307.47711,308.10363,308.847,309.24387,309.90804,311.82489,315.41649,319.15564,322.14831,325.08577,326.92998,328.7333,330.43917,332.27249,333.80608,335.09184,336.81364,340.3503,347.81708,359.34272,371.26944,371.26944,42.34183,0.5,"2","4",6.5,"10",29.91065,"999","999","999","999","999","999",15.71667,299.46221,299.16556,299.04359,298.82601,298.55273,298.31723,101522.24368,101504.83053,101481.61301,101407.80062,101229.85512,100998.37137,"999","999","999","999","999","999","999","999","999","999","999","999",2.35984,48.84154,653016.004,6860356.157,34.00000
100981.42017,100225.9318,99327.12283,98263.91838,97007.61315,95521.62634,93765.28202,91692.97121,89254.18493,86394.03085,83055.26674,79178.83664,74704.77348,69579.97934,64063.48166,58690.7649,53702.39436,49071.36281,44770.72589,40774.83843,37060.44571,33611.91123,30415.50941,27457.00809,24721.19727,22196.82627,19879.64624,17773.40941,15881.75895,14192.30569,12682.60993,298.25835,298.25835,298.27355,299.99593,303.08786,304.80954,305.88295,306.61229,307.00906,307.21087,307.4914,308.07105,308.81778,309.24754,309.86668,311.76693,315.3819,319.19104,322.12079,325.0639,326.94818,328.72136,330.41244,332.26898,333.81543,335.09734,336.80826,340.3309,347.77219,359.34624,371.28296,371.28296,36.67292,0.5,"2","4",6.5,"10",29.92522,"999","999","999","999","999","999",15.38889,299.82965,299.33907,299.14997,298.8281,298.54794,298.31524,101584.05181,101566.62711,101543.39417,101471.4366,101295.22037,101063.47009,"999","999","999","999","999","999","999","999","999","999","999","999",2.36837,48.84153,653642.033,6860350.004,35.40000
100945.90944,100190.5641,99292.35556,98230.17965,96974.8894,95489.7356,93734.23435,91662.94263,89225.24844,86366.41661,83029.04174,79154.12618,74681.94465,69559.28291,64045.16951,58674.91176,53688.9267,49059.8839,44760.8211,40766.41728,37053.44487,33606.1018,30410.73616,27453.20146,24718.25138,22194.64479,19878.10231,17772.34965,15881.11392,14192.07947,12682.7028,298.1441,298.1441,298.2363,300.17694,303.26929,304.89517,305.88979,306.62659,307.02165,307.21979,307.5088,308.04063,308.81763,309.2868,309.83497,311.77372,315.41297,319.22145,322.12177,325.05788,326.97042,328.73271,330.4062,332.27942,333.8209,335.10332,336.81653,340.3289,347.75768,359.34117,371.29913,371.29913,39.73493,0.5,"2","4",6.5,"10",29.91878,"999","999","999","999","999","999",15.25667,299.74331,299.24278,299.04639,298.70099,298.40585,298.16825,101547.06792,101529.64038,101506.40367,101435.20251,101259.75068,101028.01264,"999","999","999","999","999","999","999","999","999","999","999","999",2.37691,48.84152,654268.798,6860343.912,32.79000
